mod_turb,fx106_00_700spd,fx106_00_500spd,fx106_00_500shear,fx106_03_700spd,fx106_03_500spd,fx106_03_500shear,fx502_00_low,fx502_00_trough,fx502_00_alt,WA_500_12_temp,WA_500_12_hum,WA_500_12_spd,WA_500_12_dir,TA_500_12_temp,TA_500_12_hum,TA_500_12_spd,TA_500_12_dir,WA_700_12_temp,WA_700_12_hum,WA_700_12_spd,WA_700_12_dir,TA_700_12_temp,TA_700_12_hum,TA_700_12_spd,TA_700_12_dir,MA_500_12_temp,MA_500_12_hum,MA_500_12_spd,MA_500_12_dir,MA_700_12_temp,MA_700_12_hum,MA_700_12_spd,MA_700_12_dir,tmp,dwp,relh,dir,spd,alt,vsby,gust,vis1,vis2 ,vis3
x,50,110,12,60,105,12,1,1,4,-36.8,8,35,248,-22.3,3,55,250,-19.9,76,27,245,-11.5,38,19,252,-24.8,2,61,278,-20.4,38,35,259,-1,-7,63.75,180,13,29.83,6.21,0,3000,4000,5000
x,60,100,9,50,115,9,0,1,3,-31,15,50,275,-26.4,11,46,265,-21.8,77,25,248,-15.3,52,23,266,-27.6,28,46,284,-17,95,21,291,-2,-7,68.61,0,3,29.71,6.21,0,1500,4000,5000
x,50,100,6,65,115,9,0,1,3,-30.4,77,22,226,-20.7,86,25,229,-13.1,66,8,258,-6.4,97,20,156,-25.9,1,41,282,-12.7,55,23,285,1,-2,80.36,160,16,29.62,5.59,0,1000,2000,3000
x,20,40,0,25,30,6,0,0,1,-14.3,26,25,229,-12.2,6,15,238,5.6,12,9,220,7.9,7,9,241,-7.6,93,20,280,6.4,1,16,207,18,14,77.45,150,14,30.12,6.21,0,1800,12000,14000
x,15,30,0,15,20,0,0,0,1,-8.7,25,22,279,-7.6,97,18,267,5.6,92,11,232,5.2,100,13,256,-7.3,32,16,272,9,100,9,247,16,15,93.79,0,2,29.88,5.59,0,300,500,1000
x,30,60,0,25,55,0,0,0,2,-9,64,34,263,-6.2,19,24,268,3.3,1,16,269,3.5,52,15,251,-6.9,49,29,259,6.5,47,16,283,12,9,81.87,350,9,30.12,6.21,0,1500,2500,3500
x,20,20,0,15,25,0,0,0,0,-14.6,12,32,281,-11.2,5,29,274,-1.7,1,16,312,2.7,6,16,291,-12,1,21,288,4.8,6,11,321,8,6,87.19,0,1,30.36,6.21,0,2000,10000,10000
x,15,40,12,20,45,9,0,0,0,-13.7,1,9,287,-13.7,27,12,280,3.3,15,4,285,3.8,22,9,345,-12.8,94,17,205,5,2,7,190,11,9,87.47,0,1,30.39,6.21,0,800,15000,10000
x,25,25,0,15,30,0,0,0,1,-10.7,93,23,246,-8,99,21,235,4.5,78,8,263,1.6,97,9,215,-7.2,34,24,241,6.1,100,10,240,12,12,100,0,0,30.18,5.59,0,300,500,1500
x,5,10,0,5,20,0,0,0,1,-11.4,3,17,332,-13.9,63,16,237,4.8,44,6,330,5.6,87,8,251,-8.4,1,14,340,7.3,31,4,340,17,14,82.5,60,3,30.3,6.21,0,500,1300,3000
x,10,30,0,15,30,0,0,0,1,-7.1,11,18,299,-8.7,8,16,324,8.8,1,8,241,8.6,5,2,300,-5.2,2,10,272,11.8,10,7,295,19,16,82.74,0,1,30.27,6.21,0,2000,10000,10000
x,10,30,0,25,25,0,0,0,1,-5.4,45,20,278,-5.4,33,16,281,5.3,94,17,286,7.7,77,12,296,-4.7,3,14,280,10.4,56,11,289,18,15,82.62,0,1,30.15,6.21,0,1500,10000,10000
x,25,50,0,20,55,6,0,0,1,-7.4,85,37,266,-8,40,21,258,5.6,97,19,257,8.3,52,23,257,-7.9,72,26,252,6.7,86,12,270,19,16,82.74,360,5,30.03,5.59,0,1000,1500,7000
x,35,55,0,30,55,0,0,0,2,-7.9,81,40,249,-5.5,4,32,242,3.2,98,25,202,3.7,88,16,237,-8.2,71,34,250,5.6,100,22,227,11,10,93.55,350,4,30.09,2.49,0,300,600,2000
x,35,55,0,30,65,9,0,0,2,-13.4,6,28,254,-9.5,7,28,262,-2.4,91,12,234,3.1,94,15,255,-9.8,1,27,252,6.2,7,17,260,13,12,93.65,0,2,30.15,4.97,0,400,800,1500
x,45,55,9,35,55,9,0,0,1,-12.2,68,30,264,-7.7,78,31,260,4.2,7,18,273,1.1,19,14,273,-7.9,52,28,270,3.7,36,8,238,12,12,100,0,1,30.3,6.21,0,500,1500,2000
x,20,45,0,20,40,6,0,0,1,-10.7,55,28,265,-7.1,99,28,259,2.2,11,9,288,3.1,100,12,258,-6.9,91,29,253,3.9,92,12,277,10,9,93.5,340,5,30.33,1.86,0,200,400,700
x,15,55,0,25,50,0,0,0,2,-9.5,98,38,256,-7.9,86,30,272,0.8,5,10,286,1.7,100,21,187,-7.8,75,28,263,3.1,78,9,304,10,10,100,310,3,30.24,3.11,0,200,400,1500
x,10,40,0,15,40,0,0,0,1,-11.1,2,33,285,-9.9,4,29,277,1.3,7,9,292,2.6,5,11,287,-9.4,56,21,287,4.7,2,6,297,10,8,87.37,0,2,30.27,6.21,0,1500,10000,10000
x,35,45,0,25,55,9,0,0,1,-10.3,89,29,262,-8.2,96,33,273,-2.8,69,15,255,-1.7,66,9,263,-7.5,96,31,261,0.2,86,11,237,8,8,100,340,7,30.18,3.11,0,200,600,900
x,25,55,0,15,55,6,0,0,1,-11.5,40,28,255,-9.7,65,21,238,0.2,97,9,240,3.6,100,13,221,-9.3,97,28,256,2.7,81,6,262,9,9,100,0,1,30.09,3.73,0,300,500,1000
x,10,20,0,5,30,0,0,0,1,-13,4,22,257,-8.9,13,32,258,3.9,5,9,247,2.5,99,8,258,-10,3,21,249,5.4,18,7,263,13,13,100,0,1,30.06,1.86,0,400,600,1300
x,10,50,6,30,60,6,0,0,1,-10.6,87,20,253,-10.2,95,16,227,3.1,100,9,207,3.1,87,6,198,-10,89,10,231,2.7,98,5,179,14,14,100,350,8,29.85,2.17,0,100,300,400
x,10,40,0,10,25,0,0,0,1,-14.6,1,26,294,-5.6,4,36,259,-0.7,2,15,349,3.7,8,20,308,-12.1,2,20,269,1.9,2,9,330,8,6,87.19,0,1,30.21,6.21,0,1500,20000,10000
x,10,40,6,10,40,9,0,0,1,-18,60,13,222,-11.7,96,34,241,-3.5,94,13,213,1.8,34,3,219,-18,2,24,211,-1.7,24,10,200,9,8,93.45,0,2,30.21,2.8,0,300,2000,3000
x,10,30,0,5,35,0,0,0,0,-15.5,5,18,319,-16,89,11,235,0.5,9,8,4,0.6,85,4,310,-9.9,9,16,323,3.8,8,9,7,6,6,100,0,2,30.24,1.86,0,100,300,400
x,10,40,0,5,50,0,0,0,1,-12.1,82,21,252,-9.7,3,22,261,1.7,4,9,248,2.4,5,4,306,-11.3,61,19,259,2.3,7,6,265,6,5,93.3,350,2,30.24,0.93,0,10000,10000,10000
x,10,60,6,15,55,9,0,0,1,-11.9,31,20,268,-9.5,11,34,273,0.7,10,7,254,2.8,7,4,235,-9.4,9,32,243,4,5,3,216,9,7,87.28,0,2,30.33,6.21,0,2000,9000,11000
x,30,50,6,20,60,6,0,0,1,-8.8,96,33,230,-7.6,95,28,251,3.7,56,9,273,2.4,93,3,313,-6.9,94,27,213,2.5,90,6,295,10,10,100,0,1,29.94,1.24,0,100,200,500
x,40,90,6,45,80,6,0,1,4,-10.7,2,34,258,-3.8,99,20,214,0.1,93,12,303,7,100,6,190,-7,2,53,268,-1.9,35,20,288,10,6,76.18,60,4,29.8,6.21,0,1500,4000,5000
x,20,45,0,25,35,6,0,0,1,-19.1,1,39,297,-17.7,3,33,276,-13.3,88,17,310,-1.6,4,21,280,-16.9,5,28,294,-0.7,13,20,316,4,0,75.16,0,1,30.24,6.21,0,3500,10000,10000
x,25,45,0,25,55,0,0,0,1,-16.1,5,23,276,-16.4,11,22,305,-1.4,4,12,271,0.7,6,12,297,-12.4,3,22,279,3.4,2,12,28,3,3,100,360,3,30.21,5.59,0,100,10000,10000
x,20,50,0,25,50,0,0,0,1,-13.9,85,30,265,-11.6,48,29,266,-1,39,12,276,2.6,8,11,266,-9.2,2,31,268,1.1,24,8,299,6,3,81.07,0,1,30.18,6.21,0,100,10000,10000
x,20,50,0,20,55,0,0,0,2,-13.3,83,27,253,-11.5,65,32,227,0.6,75,12,242,3.5,35,14,265,-11.6,48,30,259,3.1,40,9,245,7,5,87.09,0,2,30.06,6.21,0,3000,10000,10000
x,35,80,6,25,80,6,0,1,3,-16.1,12,36,248,-10.5,31,37,254,-0.9,28,16,250,2.8,13,12,258,-14,7,42,253,-2.6,40,13,264,9,8,93.45,0,1,29.97,6.21,0,3000,4000,10000
x,30,45,0,30,45,0,0,0,1,-24.5,12,25,303,-17.5,5,40,250,-6.6,5,14,298,-4.1,100,15,247,-19.9,5,22,336,-3.3,10,18,328,3,3,100,0,1,30.33,6.21,0,500,10000,10000
x,10,15,0,10,15,0,0,0,1,-18.2,4,16,288,-18.4,7,12,315,2.3,5,13,280,2.2,15,11,304,-18.6,12,6,261,1.8,3,3,315,10,5,71.07,150,12,30.3,6.21,0,3000,10000,10000
x,10,15,0,10,35,0,0,0,1,-17.8,14,15,265,-16.4,3,13,268,-1.6,5,16,271,1.1,8,11,273,-19.3,81,16,270,0.6,3,10,253,7,1,65.61,10,4,30.27,6.21,0,10000,10000,10000
x,20,55,6,30,55,0,0,0,1,-15.1,7,21,268,-14.4,9,17,277,2.1,13,10,242,2.8,25,8,234,-14.9,29,22,264,3.2,3,11,262,15,9,67.33,150,10,30.03,6.21,0,4000,14000,16000
x,30,50,0,25,50,0,0,0,1,-19.9,5,31,263,-15,37,27,255,-4.5,67,22,248,-0.4,48,12,265,-16.4,2,32,282,-1.5,3,17,310,9,4,70.88,360,11,30.06,6.21,0,2000,4000,10000
x,15,30,0,20,40,0,0,0,1,-21.8,9,19,328,-23.3,36,21,307,-4.4,7,11,328,-3.9,7,11,296,-18.2,1,21,310,-0.8,6,19,330,3,1,86.69,0,1,30.18,6.21,0,3000,10000,10000
x,50,90,0,50,75,9,1,1,3,-17.7,87,40,254,-17.6,18,27,261,-0.8,28,30,238,2.5,23,15,259,-14.9,59,37,253,0.9,81,31,247,11,10,93.55,200,2,29.74,6.21,0,300,2000,4500
x,20,45,0,20,45,0,0,0,1,-20.8,4,27,289,-18.1,3,29,268,-8.3,15,19,307,-5.7,40,14,259,-19.8,1,24,292,-1.5,4,15,333,3,1,86.69,0,2,30.09,6.21,0,1500,10000,10000
x,25,40,0,10,40,0,0,0,1,-23.3,19,26,292,-21.6,12,21,287,-5.3,34,15,310,-5.3,18,11,292,-19.7,35,22,283,-1.8,22,9,324,1,0,93.03,330,3,30.18,3.11,0,100,10000,10000
x,30,50,0,30,50,0,0,0,1,-19.7,7,32,257,-18.8,26,29,257,-3.9,5,19,241,-2.1,100,19,218,-16.3,56,31,252,-1.6,77,19,253,12,6,66.7,190,8,29.94,6.21,0,5000,8000,11000
x,30,60,0,35,70,6,0,0,3,-21.7,13,34,252,-17.1,83,34,244,-6.2,9,21,259,-1.5,45,20,269,-20.3,6,34,258,-5.2,15,24,269,5,5,100,0,2,29.91,3.11,0,100,6000,10000
x,40,65,0,25,70,6,0,1,2,-27.8,16,38,256,-21.2,14,31,250,-10.8,92,12,247,-6.3,35,13,273,-24,15,40,273,-14.1,79,22,276,6,0,65.38,260,10,29.94,6.21,0,2000,10000,10000
x,20,60,0,25,60,0,0,0,2,-27.3,20,30,282,-23.7,12,28,272,-15,98,11,246,-12.6,98,14,254,-22.4,19,36,290,-7.9,29,21,298,-1,-1,100,170,2,30.15,0.12,0,100,10000,10000
x,25,75,6,20,65,6,0,0,2,-23.2,82,37,277,-21.9,65,29,277,-8.4,59,15,249,-5.9,40,20,272,-17.9,37,35,282,-5.2,40,15,255,5,3,86.89,150,14,29.85,6.21,0,1000,3000,5000
x,45,60,0,30,65,6,0,1,2,-27.6,11,33,246,-16.5,38,36,240,-12.7,95,20,231,-1.4,26,16,249,-24.5,16,36,277,-13.6,90,11,277,1,-2,80.36,0,1,29.85,6.21,0,2000,10000,10000
x,25,70,0,30,80,0,0,0,2,-30.1,30,37,288,-25.4,9,38,275,-18.2,53,19,253,-14.5,42,16,292,-20.8,63,45,276,-8.9,15,21,303,-1,-2,92.92,350,3,30.06,6.21,0,100,12000,10000
x,25,45,0,20,40,0,0,0,1,-32.4,16,24,260,-27.8,13,30,256,-14.4,67,16,277,-10.3,49,14,262,-27,2,41,312,-15.4,63,17,321,0,-2,86.39,0,2,30.24,6.21,0,1500,2000,10000
x,20,30,0,30,40,0,0,0,2,-25.8,7,19,263,-24.9,9,15,269,-7.5,7,12,246,-5.5,9,6,286,-22.4,4,21,272,-6.3,7,12,256,4,-3,60.29,160,12,30.18,6.21,0,4000,10000,10000
x,20,50,6,30,60,9,0,0,2,-22.5,81,37,240,-19,91,34,256,-7.3,95,24,234,-4.6,100,24,218,-18.1,42,43,247,-6,59,14,251,6,5,93.3,310,7,29.71,6.21,0,100,8000,10000
x,40,90,9,40,90,9,0,0,3,-26.8,3,45,268,-17.6,17,52,245,-15.3,86,11,262,-7,88,13,242,-24.1,2,40,276,-15.8,81,21,271,6,-4,48.67,230,10,29.91,6.21,0,3000,4000,8000
x,40,90,0,30,75,0,0,0,2,-29.2,3,47,267,-24.7,6,47,270,-15.3,78,24,249,-13.8,59,17,280,-26.2,4,41,272,-13.3,80,17,274,5,-2,60.54,200,8,30.18,6.21,0,2500,5000,10000
x,40,80,6,50,85,6,0,0,2,-25.4,9,38,264,-21.2,4,38,260,-11.2,41,27,264,-9.3,33,23,278,-23.6,2,33,262,-7.6,18,25,274,5,-4,52.17,170,14,30.21,6.21,0,7000,10000,10000
x,20,40,0,25,40,0,0,0,2,-24,3,42,260,-16.5,87,53,252,-11.8,51,27,254,-6.9,87,23,267,-20.1,1,31,269,-4,1,19,289,4,2,86.79,340,5,30.3,6.21,0,1000,2500,5000
x,15,35,0,20,40,0,0,0,1,-22.5,4,15,257,-20.1,7,27,243,-4.1,6,12,265,-2,7,19,243,-20.5,1,18,277,-1.7,2,9,284,-2,-2,100,280,3,30.3,0.06,0,100,10000,10000
x,25,40,0,40,50,0,0,0,2,-18.1,8,31,267,-16.9,35,24,258,-1.1,4,18,247,0,6,10,259,-16.5,12,26,258,-1.2,85,18,259,4,1,80.79,20,4,30.06,6.21,0,6000,8000,10000
x,40,70,0,40,80,6,0,0,2,-18.9,81,36,263,-14.1,14,34,261,-5.3,3,17,267,-1.1,17,15,267,-15.2,32,44,269,-3,42,15,263,5,2,80.93,320,3,30.03,6.21,0,1200,1500,2000
x,40,95,6,40,90,9,0,0,3,-22,3,49,266,-17.6,48,45,262,-10.9,56,18,237,-5.7,84,22,275,-17.8,43,47,261,-8.8,52,25,271,3,1,86.69,0,2,30,6.21,0,800,1000,10000
x,30,95,6,25,80,6,0,0,3,-27.5,4,42,274,-21,23,50,261,-16.6,89,9,257,-10.8,41,17,275,-20.5,5,48,266,-10,1,22,287,1,-1,86.49,0,2,30.24,6.21,0,700,2500,4500
x,35,75,0,40,80,0,0,0,2,-24.6,75,37,259,-22.2,58,37,257,-9.3,11,18,284,-7.5,11,16,270,-21.6,13,29,259,-6.6,35,13,257,-2,-3,92.86,30,3,30.18,6.21,0,9000,10000,10000
x,25,70,0,30,65,0,0,0,2,-22.9,34,37,257,-19.2,33,41,260,-6.7,3,21,267,-5.3,11,17,279,-21.9,49,30,247,-4.8,15,21,291,-1,-4,80.07,0,1,30,6.21,0,10000,10000,10000
x,40,110,6,35,100,9,0,1,3,-28.8,56,29,232,-20.4,71,38,227,-10.2,87,13,232,-6.6,100,17,235,-27.6,4,37,246,-14.1,97,20,242,3,1,86.69,0,1,29.68,6.21,0,500,4000,10000
x,30,75,0,25,65,6,0,0,2,-36.1,64,18,235,-24.9,6,39,237,-16.2,85,2,169,-13.7,52,10,269,-29.6,14,21,275,-19.8,63,21,283,-1,-1,100,320,6,29.97,2.49,0,200,1000,2500
x,35,60,0,20,60,0,0,0,2,-29.8,38,30,263,-27.5,43,25,255,-16.1,70,13,266,-14.8,61,10,247,-29.1,37,26,259,-11.9,26,12,295,-2,-4,86.18,300,3,30.09,6.21,0,5000,10000,10000
x,35,80,6,35,65,6,0,1,2,-27.1,76,38,253,-22.8,61,35,251,-12.1,93,16,257,-7.2,16,15,256,-26.3,26,37,250,-12,98,12,237,1,-2,80.36,310,4,29.8,6.21,0,3000,5000,7000
x,20,40,0,20,60,0,0,0,1,-32.1,10,18,287,-27.4,83,33,218,-17.1,81,12,264,-12.2,92,3,186,-26.8,34,32,283,-14.9,89,3,25,-3,-5,86.07,0,2,29.91,6.21,0,1000,2000,8000
x,20,60,0,25,60,0,0,0,2,-26.3,3,31,274,-25.4,9,27,272,-12.5,55,18,256,-7.7,17,20,268,-23.6,41,26,267,-5.8,10,16,264,1,-4,69.25,160,11,30,6.21,0,4000,10000,10000
x,50,50,0,40,60,6,0,1,2,-26.4,14,35,249,-22.6,55,41,244,-9.9,85,18,246,-6.4,75,23,248,-24.9,4,32,253,-7.7,6,20,254,6,-1,60.79,180,13,29.71,6.21,0,4000,5000,7000
x,30,80,6,30,70,6,0,0,2,-32,3,33,281,-25.6,5,39,264,-20.6,84,16,298,-18.2,30,15,272,-24.7,5,34,295,-17.1,6,15,310,-4,-6,85.96,170,3,30.15,6.21,0,2000,10000,10000
x,25,40,0,20,45,0,0,0,1,-23.1,39,21,284,-21.4,52,28,293,-12.5,18,11,299,-12.7,13,7,321,-18.9,78,27,267,-6.5,6,9,296,-4,-7,79.62,0,1,30.24,6.21,0,6000,10000,10000
x,50,70,0,35,75,9,0,0,3,-20.5,79,36,253,-19.6,65,31,263,-11.8,51,12,239,-7.4,48,13,244,-17.6,58,38,262,-9.8,98,17,250,5,-2,60.54,180,19,29.91,6.21,0,4000,5000,10000
x,40,85,6,10,85,12,0,1,3,-25.2,5,48,243,-19.4,88,52,242,-15.9,87,16,262,-5.3,54,24,234,-21.2,1,54,252,-21.6,86,18,270,-2,-3,92.86,360,9,29.91,6.21,0,1000,3000,5000
x,25,70,0,30,65,0,0,0,2,-30.8,33,33,275,-25.1,7,40,263,-20.7,97,15,263,-17.8,62,18,259,-25.4,3,41,283,-15.4,19,21,295,-5,-7,85.85,360,3,30.15,6.21,0,2000,10000,10000
x,40,90,6,50,95,9,0,0,3,-26.8,12,36,261,-20.9,8,45,259,-14.9,94,19,265,-6.9,19,23,271,-22.3,8,43,262,-12.5,46,26,283,3,-4,60.04,130,10,30,6.21,0,3500,10000,10000
x,30,80,0,30,85,6,0,0,2,-27.4,7,42,274,-23.1,19,48,255,-19.1,20,17,267,-14.6,45,14,258,-27.7,5,28,263,-10.2,7,19,294,-4,-6,85.96,190,3,30.24,6.21,0,1100,10000,10000
x,20,50,0,10,40,6,0,0,1,-31.2,27,26,254,-27.1,13,33,244,-14.8,22,16,256,-11.4,19,13,249,-29.2,22,26,262,-15.5,20,13,254,-5,-7,85.85,200,2,30.27,6.21,0,2500,10000,10000
x,20,40,0,25,35,0,0,0,1,-23.9,4,9,278,-22,5,14,279,-8.6,27,9,295,-11.7,18,3,288,-23.7,5,15,260,-6.8,14,11,260,-4,-7,79.62,180,4,30.27,6.21,0,6000,10000,10000
x,25,50,0,35,75,9,0,0,2,-26.3,6,30,265,-22,13,28,264,-10.8,89,20,248,-8.4,26,14,272,-21.9,16,37,275,-7.7,19,18,290,-2,-5,79.92,0,2,30.15,6.21,0,4000,10000,10000
x,30,30,0,25,65,0,0,0,1,-25.8,39,37,292,-24.2,13,36,296,-7.8,4,15,281,-7.6,8,17,292,-22.4,11,21,277,-3.3,22,13,288,-1,-4,80.07,330,6,30.15,6.21,0,10000,12000,14000
x,40,60,6,30,70,6,0,1,2,-21.3,86,37,238,-18.7,79,26,254,-5.4,91,28,230,-3.7,21,22,212,-20.4,29,45,227,-3.8,37,32,242,5,3,86.89,20,3,29.59,6.21,0,300,3000,6000
x,50,90,6,55,95,6,0,0,2,-27.2,43,36,274,-24.4,20,32,260,-14.7,14,18,275,-10.8,27,15,263,-26,26,35,282,-10.2,34,24,297,2,-3,69.46,180,13,29.8,6.21,0,4000,5000,10000
x,50,90,0,45,90,9,0,0,3,-29.7,24,49,293,-25.6,14,53,285,-22.1,42,24,292,-20.1,46,28,298,-24.2,26,46,296,-10.8,9,26,307,-4,-7,79.62,0,2,29.97,6.21,0,5000,10000,10000
x,35,60,0,30,80,9,0,0,2,-27.7,47,36,297,-22.9,10,39,296,-11.6,9,23,311,-7.7,5,28,305,-22.3,6,29,289,-7.1,21,17,305,-7,-9,85.63,0,1,30.03,6.21,0,4000,10000,10000
x,30,70,0,40,70,6,0,0,2,-23.1,2,57,302,-21.1,6,54,291,-19.5,91,15,286,-16.8,93,20,296,-19.5,2,34,311,-4.5,5,27,316,-4,-7,79.62,170,4,30.09,6.21,0,5000,10000,10000
x,30,45,0,30,50,6,0,0,1,-22.4,31,23,274,-21.3,61,34,292,-9,3,9,316,-8.9,7,8,296,-21.3,32,27,252,-7.5,28,9,259,1,-5,64.23,150,13,30.03,6.21,0,3000,13000,16000
x,20,45,0,20,45,0,0,1,2,-29.4,12,27,244,-26.1,14,34,243,-14.5,80,22,229,-9.7,65,8,256,-29.8,30,24,271,-10.2,7,17,281,0,-3,80.22,0,2,29.88,6.21,0,5000,10000,10000
x,30,60,0,30,70,0,0,0,2,-32.1,39,26,290,-30.2,19,18,287,-19.2,36,20,281,-12.9,9,21,299,-27.6,7,36,299,-11.8,25,19,307,-3,-5,86.07,0,1,30.03,6.21,0,1500,5000,10000
x,60,110,12,40,110,12,0,0,3,-30.4,8,57,277,-27.6,31,53,279,-18.2,79,19,270,-14.5,45,24,291,-23,34,51,295,-17.2,97,23,298,-2,-6,74.08,310,3,29.88,6.21,0,2000,4000,10000
x,15,90,12,15,90,12,0,0,2,-32.7,17,20,308,-29.2,8,27,298,-18.7,20,6,286,-16,18,11,5,-17.7,24,49,295,-17.2,4,18,317,-7,-10,79.16,0,2,30.06,6.21,0,3000,10000,10000
x,20,65,6,20,85,9,0,0,2,-20.1,18,43,288,-19.6,11,47,285,-14.7,11,8,326,-14.3,13,18,328,-16.8,96,38,275,-11.8,10,13,299,-6,-7,92.63,0,1,29.97,6.21,0,600,17000,10000
x,20,45,0,20,90,0,0,1,2,-29.2,38,16,284,-25.5,69,27,270,-15.2,15,10,288,-13.4,92,9,213,-26.3,3,32,293,-9.9,8,16,286,-7,-9,85.63,0,2,29.83,6.21,0,6000,10000,10000
x,35,65,0,30,60,0,0,0,1,-29.1,3,31,302,-26.7,4,26,296,-15.8,14,17,311,-16.3,37,20,301,-19.9,2,43,300,-13.2,5,11,320,-6,-8,85.74,170,2,30.09,6.21,0,3000,10000,10000
x,25,60,6,40,60,6,0,0,2,-24.1,83,23,252,-25.2,45,22,270,-9.4,6,11,261,-7.3,6,11,285,-21.4,61,31,268,-7.9,88,13,217,4,-4,55.95,150,16,30.03,6.21,0,6000,7000,11000
x,55,100,6,50,110,12,1,1,3,-17.2,83,42,254,-15.3,89,32,263,-3.6,87,24,234,-0.5,100,33,223,-16.9,76,42,237,-2.9,92,21,243,6,5,93.3,230,6,29.38,6.21,0,400,3000,6000
x,50,110,0,50,90,6,0,0,3,-32.9,13,32,262,-24.8,5,47,250,-17.1,20,20,280,-13.5,9,23,283,-31.1,9,40,266,-18.1,30,19,270,0,-6,63.99,180,15,29.71,6.21,0,2000,5000,8000
x,45,95,0,50,90,9,0,0,3,-33.4,27,47,243,-24.7,5,59,245,-19.8,94,22,235,-14.8,43,24,259,-31.7,10,47,253,-20.9,81,16,253,-2,-8,63.51,180,16,29.8,6.21,0,3000,4000,5000
x,20,95,12,15,90,12,0,1,3,-34,6,41,241,-27.3,7,51,248,-22,81,6,75,-18,10,14,251,-31.1,3,46,253,-24.6,76,17,277,-5,-13,53.47,150,10,30,6.21,0,5000,10000,10000
x,15,50,0,15,65,0,0,0,2,-32.7,5,25,266,-26.4,10,32,249,-21.5,72,10,215,-18,15,6,262,-34,23,20,267,-19.7,10,5,272,-6,-10,73.32,0,1,30.09,6.21,0,4000,10000,10000
x,15,50,0,20,45,0,0,0,1,-39.8,17,14,290,-36,38,19,242,-21.7,48,18,262,-19.6,80,6,280,-27.9,1,42,325,-19.8,78,14,326,-6,-9,79.31,0,0,30.33,6.21,0,1500,2500,10000
x,30,30,0,25,45,0,0,0,2,-27.6,5,18,283,-26.7,5,19,292,-9.2,6,10,250,-8.7,9,9,354,-24.2,7,13,288,-7.5,4,13,253,2,-6,55.41,160,17,30.21,6.21,27,4000,10000,10000
x,25,55,0,30,60,0,0,0,2,-28,53,36,298,-26.5,13,25,290,-9.5,6,22,297,-5.8,8,24,296,-23.6,33,26,287,-6.7,7,14,292,-1,-3,86.28,0,1,30.15,6.21,0,1500,3000,10000
x,50,50,0,40,45,0,0,0,2,-22.5,88,34,266,-20.5,15,35,263,-7.7,98,22,224,-4.1,69,17,273,-19.9,81,29,247,-5.3,97,19,235,7,5,87.09,150,12,29.94,6.21,0,1500,3500,4500
x,40,80,0,50,95,6,0,0,2,-26,87,17,257,-20.2,75,31,248,-7.5,89,13,282,-2.6,100,17,246,-24.4,1,30,311,-4.5,17,21,311,2,2,100,20,1,29.97,6.21,0,300,1800,10000
x,30,50,0,30,55,6,0,0,1,-20.5,1,51,282,-18.3,30,52,278,-10.4,6,16,287,-5.1,6,22,293,-18.2,23,41,272,-3.4,1,24,291,1,-1,86.49,310,5,30.09,6.21,0,1200,3500,4000
x,25,50,0,30,60,0,0,0,2,-22.6,17,30,275,-20.9,49,27,273,-9.7,13,13,268,-6,10,15,272,-22.1,23,21,282,-4.8,2,16,271,-3,-5,86.07,180,3,30,6.21,0,3000,10000,10000
x,40,75,0,35,80,9,0,0,2,-28,42,31,274,-25.2,32,32,268,-11.9,6,14,274,-9.4,21,9,273,-24.5,12,38,283,-8,5,15,290,-3,-5,86.07,0,2,30,6.21,0,6000,10000,10000
x,30,60,0,20,70,9,0,0,2,-26.9,10,44,292,-22.2,9,41,290,-18.6,35,13,277,-14.1,64,12,276,-23.8,74,33,269,-7.7,1,21,289,-3,-5,86.07,330,2,30.06,6.21,0,1300,11000,13000
x,50,90,6,45,95,9,1,1,3,-35.2,6,35,266,-24.3,22,63,265,-21.8,80,23,227,-16.2,62,16,245,-26.5,30,65,273,-20.4,3,22,283,-5,-7,85.85,180,11,29.65,1.86,0,800,1000,2000
x,50,110,12,40,115,9,0,0,3,-36.2,20,41,287,-31.4,5,49,279,-28.8,82,17,286,-23.5,45,17,258,-18.1,6,72,287,-22.4,17,24,296,-6,-16,45.1,0,2,29.77,6.21,0,4000,5000,10000
x,45,80,6,35,90,9,0,0,3,-26.1,11,55,287,-19.7,33,56,281,-24.8,85,22,268,-17.3,8,27,289,-21.8,69,38,281,-14.5,2,23,299,-9,-13,72.73,0,2,29.68,6.21,0,3000,5000,10000
x,35,85,6,35,95,6,0,0,3,-37.5,27,21,309,-29.4,5,33,285,-21.2,45,13,302,-19.6,20,9,328,-23.6,1,49,300,-23.4,93,12,311,-10,-16,61.51,0,2,29.91,6.21,0,5000,10000,10000
x,25,50,6,35,70,6,0,0,2,-25.3,3,44,314,-21.1,4,49,306,-15.9,13,22,325,-11,6,27,328,-21.4,89,30,281,-8.2,3,14,297,-10,-13,78.68,0,2,30.03,6.21,0,11000,14000,10000
x,50,80,6,45,90,12,0,0,3,-24.3,6,48,268,-20.6,3,35,278,-15.2,83,26,244,-10.3,68,24,263,-22.9,10,37,263,-8.6,13,21,275,-1,-5,74.26,0,2,29.71,6.21,0,2000,4000,10000
x,25,60,6,20,50,0,0,0,2,-31.4,13,39,269,-28.6,5,46,244,-22.3,82,11,286,-14.6,46,18,274,-29.9,12,30,272,-17.2,5,19,293,-6,-11,67.73,350,3,29.91,6.21,0,4000,10000,10000
x,25,90,6,20,100,9,0,0,3,-33.6,31,28,275,-30.5,14,30,265,-21.7,77,16,261,-18.2,37,15,278,-30.6,57,35,271,-15.5,17,18,283,-6,-9,79.31,0,1,30.09,6.21,0,6000,10000,10000
x,40,90,6,40,90,6,0,0,2,-25.9,73,39,264,-23.5,84,35,257,-19.9,51,17,267,-12.4,25,11,262,-22.8,79,36,255,-14.2,84,21,245,-2,-5,79.92,0,1,30.18,6.21,0,1000,2000,3000
x,30,80,6,20,60,6,0,0,2,-26.5,1,21,239,-22.8,89,39,245,-14.7,53,7,243,-10.4,94,16,211,-25.6,2,24,265,-14.4,48,7,329,-3,-4,92.8,330,6,30.18,2.49,0,500,1500,2000
x,30,60,0,40,60,6,0,0,2,-26.4,22,33,249,-22.6,84,32,255,-15,42,8,261,-11.6,96,8,225,-21.7,9,36,248,-13.7,91,7,293,-6,-7,92.63,0,1,29.94,1.86,0,3000,8000,10000
x,30,80,6,60,95,6,1,1,3,-27,1,41,254,-23.2,14,34,251,-19.1,53,14,259,-10.8,13,16,230,-26.1,3,40,260,-18,6,18,265,-2,-8,63.51,150,11,29.8,6.21,0,3000,5000,10000
x,20,80,6,20,75,9,0,0,3,-34.7,3,29,261,-28.3,5,40,258,-21.1,73,9,252,-17.7,42,8,291,-33,3,36,275,-21.3,72,8,296,-5,-10,67.96,180,3,29.83,6.21,0,1500,10000,10000
x,25,70,6,30,70,9,1,1,2,-37.6,21,25,259,-31.3,9,40,249,-22,87,7,306,-19.1,87,7,219,-33.8,5,38,269,-24.9,65,14,260,-5,-12,57.96,160,14,29.8,6.21,0,3000,5000,7000
x,20,60,6,30,60,6,0,0,2,-39.9,11,15,254,-33.6,10,36,248,-22.7,40,15,256,-20.6,67,7,253,-36.4,10,27,279,-24.1,8,13,288,-5,-12,57.96,170,12,29.83,6.21,0,3500,10000,10000
x,30,65,0,10,60,6,0,1,2,-38.1,40,25,272,-35.1,21,26,266,-21.8,80,11,248,-20.4,91,9,275,-35.3,25,30,272,-20.9,77,8,286,-8,-12,72.93,170,4,30.03,6.21,0,7000,10000,10000
x,30,65,0,30,70,0,0,0,2,-23,2,54,279,-21.1,5,51,276,-14.4,4,24,287,-12.1,25,21,268,-19.2,10,42,274,-6.5,6,24,289,-2,-5,79.92,350,5,29.94,6.21,0,1200,10000,10000
x,50,70,0,50,75,6,1,1,3,-26.1,40,40,264,-22.6,83,34,261,-12.5,18,21,266,-9.6,48,17,260,-24.6,57,38,262,-12.1,97,15,286,3,-3,64.7,200,13,29.65,6.21,0,3000,6000,9000
x,40,85,0,30,80,6,0,0,2,-30.2,4,53,302,-28.2,6,55,292,-26.3,18,21,297,-20.7,36,29,282,-20.8,35,54,295,-11.4,15,31,311,-6,-11,67.73,0,1,30,6.21,0,5000,10000,10000
x,30,75,0,30,70,6,0,0,2,-26.4,11,41,288,-22.3,44,41,290,-16.3,46,17,290,-14.1,35,23,301,-20.2,77,40,282,-11.4,78,17,291,-6,-10,73.32,0,1,30.09,6.21,0,6000,10000,10000
x,25,80,9,35,80,0,0,0,2,-27.4,81,35,273,-23.1,81,40,263,-13.4,12,18,288,-11.9,10,15,284,-21.4,89,42,271,-10,38,17,310,-4,-6,85.96,0,1,29.97,6.21,0,2000,10000,10000
x,40,75,0,45,75,0,0,0,2,-26.4,49,43,278,-22,29,42,272,-17.6,22,18,286,-15.7,50,17,283,-21.1,15,41,279,-14.1,39,22,313,3,-12,32.27,150,12,30.15,6.21,0,7000,10000,10000
x,30,60,0,30,55,0,0,0,2,-26.9,67,39,280,-22.6,55,37,264,-14.1,2,22,280,-11.5,33,21,276,-23.3,76,31,275,-9.5,29,19,284,-1,-5,74.26,350,6,30.24,6.21,0,1500,3500,6000
x,15,60,0,25,40,0,0,0,2,-29.8,48,34,263,-24.7,83,34,261,-14.6,90,16,266,-13.2,78,12,256,-24.4,37,36,252,-11.2,86,13,277,-2,-6,74.08,0,1,30.12,6.21,0,10000,10000,10000
x,15,60,0,30,60,0,0,0,2,-29.9,39,22,288,-27.1,31,23,277,-12.4,26,11,316,-12.8,79,16,274,-27.8,15,23,283,-10.2,19,13,313,-2,-5,79.92,0,1,30.18,6.21,0,5000,10000,10000
x,25,60,0,15,50,0,0,0,1,-28.2,23,37,288,-24.1,16,41,289,-13.5,95,23,279,-12.9,65,17,290,-22.4,83,38,276,-7.5,17,15,299,1,-7,55.14,190,4,30.18,6.21,0,10000,10000,10000
x,50,60,0,60,80,0,0,1,1,-16.9,95,39,251,-16.9,88,35,254,-8.7,26,21,189,-7.9,24,14,193,-16.4,89,44,232,-1.5,99,42,215,0,0,100,320,3,29.26,4.97,0,200,1600,4000
x,60,80,0,45,75,0,1,1,3,-24.8,25,53,275,-14.7,5,57,268,-16.4,94,25,265,-4,9,38,276,-19.6,24,44,278,-5.5,8,32,291,2,-11,37.53,250,18,29.71,6.21,28,5000,10000,10000
x,25,55,0,35,55,0,0,0,2,-26.8,58,33,283,-24,23,34,271,-9.9,45,21,282,-7,21,20,289,-25,40,30,282,-7.7,9,19,287,-1,-4,80.07,350,5,30,6.21,0,10000,10000,10000
x,25,55,0,20,40,0,0,0,1,-23.8,46,17,284,-21.8,27,18,272,-6.9,37,17,256,-6.2,30,13,288,-21.9,36,20,291,-0.7,19,10,299,9,0,53.27,150,18,30.06,6.21,0,4000,10000,10000
x,50,60,0,50,65,0,0,0,1,-17.3,10,36,250,-16.3,14,26,264,-0.6,27,21,241,2.1,17,16,246,-12.7,21,27,239,4.6,5,27,220,12,10,87.56,150,13,29.88,6.21,0,2000,4000,4500
x,15,30,0,10,25,0,0,0,1,-21.9,14,30,288,-17.1,6,28,269,-6.5,12,21,296,-3.5,8,21,301,-19.7,2,20,274,-1.5,3,11,303,-2,-7,68.61,360,3,30.45,6.21,0,2000,3000,10000
x,35,35,0,40,40,6,0,0,1,-20.2,93,23,252,-17.2,87,22,232,-3.8,31,15,202,-2.5,6,9,205,-16.2,83,19,244,-3,2,15,179,0,-1,92.97,0,1,30.3,3.73,0,600,2500,3000
x,50,60,0,20,60,9,1,1,0,-16.2,88,32,226,-15.4,82,26,195,-0.3,100,34,217,-0.2,97,25,197,-14,5,26,213,-1.4,93,18,210,6,6,100,0,2,29.71,1.55,0,200,700,1500
x,15,40,0,20,30,0,0,0,1,-24.8,2,2,227,-15.6,85,44,204,-8.9,9,7,333,-6.1,74,15,197,-24.1,28,18,341,-6.9,14,16,354,-1,-3,86.28,350,8,30.06,6.21,0,1000,2000,3000
x,40,60,0,35,60,0,0,0,2,-24.5,11,34,289,-22.9,12,32,282,-12.1,16,18,279,-10.3,15,15,290,-21.6,5,34,296,-8,44,23,312,0,-4,74.44,360,3,30.18,6.21,0,2000,10000,10000
x,20,20,0,15,20,0,0,0,1,-23,12,18,294,-22.6,19,21,301,-5.7,31,10,281,-5.6,26,14,324,-21.8,21,9,285,-4,9,12,280,0,-3,80.22,350,3,30.18,6.21,0,10000,10000,10000
x,10,30,0,15,30,0,0,0,0,-22.4,28,13,299,-23.2,34,7,297,-2.2,5,16,276,-3.7,42,4,276,-19.2,5,9,320,-0.3,6,7,278,12,-2,37.67,150,9,30.15,6.21,0,10000,10000,10000
x,20,25,0,15,35,0,0,0,1,-19.2,9,16,285,-20.5,26,16,297,-0.6,29,9,300,-0.6,34,10,299,-17.8,3,11,251,1.1,6,5,246,9,4,70.88,350,5,30.12,6.21,0,10000,10000,10000
x,30,45,0,25,45,0,0,0,1,-17,85,22,268,-15,55,24,253,-3,100,19,247,0.2,15,13,259,-15.5,90,22,255,-0.6,100,16,280,11,7,76.34,150,11,29.83,6.21,0,1300,4000,6000
x,25,50,0,25,60,0,0,0,1,-25,2,22,291,-18.2,16,33,258,-11.7,9,13,331,-3.8,100,15,230,-21.7,1,30,297,-8,2,14,332,-1,-8,59.01,30,7,30.27,6.21,0,2500,3000,10000
x,25,45,0,30,50,0,0,0,2,-20.7,45,32,298,-19,36,35,299,-7.2,11,14,291,-7,6,18,293,-18.8,19,25,288,-1.9,18,11,294,6,0,65.38,150,18,30.21,6.21,0,3500,10000,10000
x,35,35,0,30,40,0,0,0,1,-18.6,87,27,264,-18.2,41,31,270,-5.3,7,18,266,-0.9,7,23,272,-15.9,86,25,251,-0.1,2,19,259,8,1,61.28,310,5,30.03,6.21,0,3000,4000,5000
x,25,45,0,20,45,0,0,0,1,-17.2,88,22,254,-15,89,24,256,-4.9,98,7,259,-3,100,7,247,-14.5,88,23,261,-0.9,100,10,216,4,3,93.19,330,7,30.03,6.21,0,500,800,1500
x,10,40,0,20,60,6,0,0,1,-17.6,78,22,269,-15.4,92,29,262,-4.6,2,7,336,-3.4,16,7,287,-14.4,90,17,223,-2.4,100,1,179,1,-1,86.49,310,2,30.03,3.11,0,400,1000,2500
x,20,50,0,15,50,0,0,0,2,-21.3,54,11,247,-19.9,43,25,242,-8.6,89,7,277,-6,87,9,273,-23.1,5,14,278,-9.5,11,16,342,3,0,80.65,360,4,29.85,6.21,0,1500,10000,10000
x,15,35,0,15,35,0,0,0,1,-26.6,10,12,276,-25.2,30,19,249,-11.7,18,6,303,-9.8,88,11,263,-24.9,5,17,307,-9.4,11,11,301,2,0,86.59,0,0,30.09,6.21,0,2000,6000,10000
x,35,50,0,30,40,0,0,0,1,-31.1,32,16,258,-28.1,12,21,256,-13.6,61,21,244,-9.1,58,9,233,-23.8,15,22,311,-7.3,25,18,308,7,-5,42.14,170,4,30.12,6.21,0,10000,10000,10000
x,15,20,0,15,15,0,0,0,0,-20,17,20,293,-19.7,9,16,294,-2.1,22,14,295,-0.8,22,16,306,-20.9,5,7,206,-1.6,13,7,287,5,0,70.08,350,3,30.18,6.21,0,10000,10000,10000
x,10,30,0,10,30,0,0,0,1,-21.1,3,4,215,-20.4,4,6,231,-3.3,21,4,247,-2.9,17,3,36,-20.6,1,7,257,-1.7,12,2,226,8,2,65.83,0,1,30.12,6.21,0,10000,10000,10000
x,5,15,0,10,15,0,0,0,0,-20.8,2,4,319,-19.1,41,14,248,-3.5,17,6,261,-3.3,19,2,198,-20.4,1,7,337,-2.5,5,8,259,9,1,57.26,0,2,30.09,6.21,0,10000,10000,10000
x,20,30,0,25,25,0,0,0,1,-17.2,11,13,271,-16.4,8,10,5,0.3,3,12,289,-3.6,55,9,305,-15.7,12,9,271,1.5,2,12,298,8,2,65.83,0,2,30.03,6.21,0,10000,10000,10000
x,15,50,0,20,60,6,0,1,2,-23.8,10,26,279,-19.3,32,21,262,-5.3,75,22,273,-2.6,75,11,259,-18.8,5,29,285,-2.1,50,14,316,5,-4,52.17,350,8,30.21,6.21,0,3000,10000,10000
x,15,20,0,15,40,0,0,0,1,-19.3,6,34,318,-22.2,6,31,303,-6.2,12,13,313,-5.8,11,15,313,-15,23,25,319,-0.9,4,11,326,2,-3,69.46,0,2,30.24,6.21,0,4000,10000,10000